Abu 
Agartala (A) 
Agra 
Ahmedabad 
Aijal/Aizwal 
Ajmer 
Akola (A) 
Allahabad 
Ambikapur 
Amini Divi
Amritsar (Rajasansi) 
Anantpur 
Androth 
Aurangabad 
Balasore 
Bangalore 
Bareilly 
Baroda (A) 
Belgaum Samra 
Bhagalpur 
Bhatinda 
Bhopal (Bairagarh) 
Bhubaneshwar (A) 
Bhuj (Rudramata) 
Bikaner 
Cannanore 
Chandigarh 
Chennai (Minambakkam) 
Cherrapunji 
Coimbatore (Pilamedu) 
Cooch Behar 
Darjeeling 
Dehra Dun 
Dharmsala 
Dibrugarh/Mohanbari 
Gadag 
Gangtok
Gaya 
Gopalpur 
Gorakhpur 
Gulbarga 
Guwahati (Bhorjar) 
Gwalior 
Hassan 
Hissar 
Hyderabad (A) 
Imphal/Tulihal 
Indore 
Jabalpur 
Jagdalpur 
Jaipur (Sanganer) 
Jaisalmer 
Jammu 
Jamshedpur 
Jharsuguda 
Jodhpur 
Joshimath 
Jullundur 
Kanpur (A)
Kanyakumari 
Karnal 
Khajuraho 
Kodaikanal 
Kohima 
Kolkata (Alipur) 
Kota (A) 
Kozhikode (A) 
Lucknow (Amausi) 
Ludhiana 
Madurai (A) 
Mahabaleshwar 
Malda 
Manali 
Mangalore (Bajpe) 
Masulipatnam 
Minicoy 
Mukteswar (Kumaun) 
Mumbai (Santa Cruz) 
Mysore 
Nagpur (Sonegaon) 
Nainital 
Nasik 
New Delhi (Palam) 
New Delhi (SFD) 
Palakkad (Palghat) 
Panjim 
Parbhani 
Pasighat 
Patna (A) 
Pondicherry (A) 
Port Blair 
Pune 
Raipur 
Rajkot (A) 
Ranchi (A) 
Sambalpur 
Shillong 
Shimla 
Silchar 
Solapur 
Sri Niketan 
Srinagar 
Surat 
Thiruvananthapuram 
Tirupathy 
Tura 
Udaipur (Dabok) 
Uthagamandalam 
Varanasi (Babatpur) 
Vijayawada 
Vishakhapatnam 
